meter_id,meter_column,daily_instances,missing_fraction,zero_fraction,mean_w,median_w,std_w,p99_w,max_w,robust_z_mean_w,retain_decision,decision_note
0,0307a3cec15787560b7d0ba094f74d1decb2fa72,372,0.0,0.0,13.240240444953296,12.604416847229004,3.401804783622721,22.25336189270018,25.899499893188477,-0.7838369106584292,retain,complete daily coverage; no structural missingness or all-zero meter
1,0f415416ff153479d65f54df3fa9974af46e3a89,372,0.0,0.0,22.99509983475063,21.091527938842773,9.107816641275972,47.59966613769531,61.30799865722656,-0.008674599759845962,retain,complete daily coverage; no structural missingness or all-zero meter
2,1caab5f0e80231e1c6fdefc00edec4fdb6a02c5f,372,0.0,0.00044802867383512545,9.776416392311768,9.571444511413574,4.124562173921106,19.66152057647705,23.763166427612305,-1.059086993709343,retain,complete daily coverage; no structural missingness or all-zero meter
3,27fbb11689277a30f5db9c71b42e1d3826bd34ff,372,0.0,0.0,23.408986727984146,22.43647289276123,10.648255664348104,53.093360328674315,65.16327667236328,0.0242146001547203,retain,complete daily coverage; no structural missingness or all-zero meter
4,2ce3e7e1a5365dc54c7f4fc6284f0052397702b9,372,0.0,0.0,42.29690579338313,39.479055404663086,15.279126260599298,77.52513427734374,85.6155014038086,1.5251283915019753,retain,complete daily coverage; no structural missingness or all-zero meter
5,2d837275047e5fdce39fda42b541dbf6c858a4d1,372,0.0,0.0,42.36349907378569,41.05002784729004,9.175313242298262,63.44553798675537,70.5806655883789,1.5304201747111883,retain,complete daily coverage; no structural missingness or all-zero meter
6,350c6b9720ebb1e1a04e8f88ad0fa114c2af77b3,372,0.0,0.0,43.06088825034839,31.576111793518066,22.482575509700382,94.71727638244629,105.55438995361328,1.585837662969954,retain,complete daily coverage; no structural missingness or all-zero meter
7,39f06481738604cb5916dce15639e380514b99ca,372,0.0,0.0,15.992325562089148,15.979583263397217,4.735008200910978,28.182522506713845,37.12383270263672,-0.5651446082947611,retain,complete daily coverage; no structural missingness or all-zero meter
8,432650b919537d23cb4054fdb85a07eecaa4524c,372,0.0,0.0,23.213427015343235,22.21666717529297,10.22360580519505,46.94114112854004,58.55638885498047,0.008674599759846243,retain,complete daily coverage; no structural missingness or all-zero meter
9,49228b90116c6075fabcd8a1cf0e48e016373614,372,0.0,0.0,22.036370298875276,20.602499961853027,7.455773046943171,44.42160476684569,62.31427764892578,-0.08485929631561095,retain,complete daily coverage; no structural missingness or all-zero meter
10,4db83178615678a918dfa6a38ae6e23de7a2d39a,372,0.0,0.0,36.10198085645621,34.528554916381836,10.383277626818815,57.93837856292724,64.00394439697266,1.0328535018224736,retain,complete daily coverage; no structural missingness or all-zero meter
11,5e9c55269b890ad82c8ebbd146ea2a563fe768ce,372,0.0,0.0,22.422054253064605,21.016305923461914,7.52863213281626,44.06532070159912,55.511390686035156,-0.054211221006745365,retain,complete daily coverage; no structural missingness or all-zero meter
12,75d0930659fc8dcdaffed6c60d5871a969a76a87,372,0.0,0.0,35.09187993022703,34.49344444274902,10.77292938878603,63.00954948425293,82.19255828857422,0.9525866177056665,retain,complete daily coverage; no structural missingness or all-zero meter
13,7bf877fd51c1c6db07c1fb0255eac4540030f28f,372,0.0,0.0,19.957306046960174,19.687527656555176,4.612107061189328,30.35858812332153,36.680946350097656,-0.2500705193196801,retain,complete daily coverage; no structural missingness or all-zero meter
14,7ebc4dd008e424c2510c6581a195524563b00ee9,372,0.0,0.0,22.105333567440084,21.263638496398926,7.078357717675215,42.099919395446754,50.14994430541992,-0.07937918384123456,retain,complete daily coverage; no structural missingness or all-zero meter
15,89819f031b89125c8c4b364317478f078925fe38,372,0.0,0.0,51.97340100341373,52.57336235046387,8.18849931586589,69.44629432678222,78.36105346679688,2.294063553832616,retain,complete daily coverage; no structural missingness or all-zero meter
16,a0ab25616dde3d31062ade71f866faa3b1e8e18f,372,0.0,0.0,36.97731934514524,35.69133377075195,12.77745825759848,70.20575920104973,89.38783264160156,1.1024115937023362,retain,complete daily coverage; no structural missingness or all-zero meter
17,a4656735af4aa0ba2e4758f8d4f6e411cfc55097,372,0.0,0.0,37.519405490822265,37.71591567993164,16.14139527014493,75.61998222351066,99.36189270019531,1.1454880474571287,retain,complete daily coverage; no structural missingness or all-zero meter
18,a52f9650e9aa3d60e43792eb2574e0e76bb00aaf,372,0.0,0.0,19.556277499243777,18.232194900512695,8.348282651433612,43.70550003051756,50.93511199951172,-0.28193794081314394,retain,complete daily coverage; no structural missingness or all-zero meter
19,b3e1bf5d8d0337b42f972ca11beafea062bd99be,372,0.0,0.0,26.09610369246066,24.796555519104004,9.70944249319424,50.21161098480224,59.322166442871094,0.2377442588207357,retain,complete daily coverage; no structural missingness or all-zero meter
20,c41c064e0aa78571b028c8673ebe7abd59d0e6d8,372,0.0,0.0,44.39526889454507,44.977277755737305,10.44797052430842,67.04706420898437,75.7784423828125,1.691873182544504,retain,complete daily coverage; no structural missingness or all-zero meter
21,c55a669913fe883d9ec913821688656ea8e4c884,372,0.0,0.0,9.500616820268734,9.183555603027344,2.979898292345823,17.352143650054927,22.209611892700195,-1.08100319209487,retain,complete daily coverage; no structural missingness or all-zero meter
22,da3ac5e45e56e0e2263f39f38c033366f5d1e0c4,372,0.0,0.0,16.908533537419892,16.34708309173584,5.543531941626905,30.672109489440906,37.42588806152344,-0.49233885446053316,retain,complete daily coverage; no structural missingness or all-zero meter
23,fe2245a4afe0afc24d215dd4abd2ffb34610dd27,372,0.0,0.0016801075268817205,17.898935702171503,17.50986099243164,4.73386970987716,31.46150445938109,38.20249938964844,-0.41363731709641866,retain,complete daily coverage; no structural missingness or all-zero meter
